AminoAcid,Codon,Total number,#/1000,Fraction
Glycine,GGG,17628,10.99,0.15
Glycine,GGA,12696,7.92,0.11
Glycine,GGT,39862,24.85,0.34
Glycine,GGC,47212,29.44,0.4
Glutamate,GAG,28529,17.79,0.31
Glutamate,GAA,63484,39.58,0.69
Aspartate,GAT,51670,32.22,0.63
Aspartate,GAC,30559,19.05,0.37
Valine,GTG,42097,26.25,0.37
Valine,GTA,17443,10.88,0.15
Valine,GTT,29487,18.38,0.26
Valine,GTC,24406,15.22,0.22
Alanine,GCG,53984,33.66,0.36
Alanine,GCA,32529,20.28,0.21
Alanine,GCT,24609,15.34,0.16
Alanine,GCC,40914,25.51,0.27
Arginine,AGG,1949,1.22,0.02
Arginine,AGA,3291,2.05,0.04
Arginine,CGG,8631,5.38,0.1
Arginine,CGA,5668,3.53,0.06
Arginine,CGT,33711,21.02,0.38
Arginine,CGC,35311,22.02,0.4
Lysine,AAG,16370,10.21,0.23
Lysine,AAA,53920,33.62,0.77
Asparagine,AAT,28256,17.62,0.45
Asparagine,AAC,34752,21.67,0.55
Methionine,ATG,44539,27.77,1
Isoleucine,ATA,6866,4.28,0.07
Isoleucine,ATT,48766,30.4,0.51
Isoleucine,ATC,40097,25,0.42
Threonine,ACG,23056,14.37,0.27
Threonine,ACA,11267,7.02,0.13
Threonine,ACT,14303,8.92,0.17
Threonine,ACC,37495,23.38,0.44
Tryptophan,TGG,24553,15.31,1
Cysteine,TGT,8306,5.18,0.45
Cysteine,TGC,10330,6.44,0.55
Stop,TAG,365,0.23,0.07
Stop,TAA,3244,2.02,0.64
Stop,TGA,1448,0.9,0.29
Tyrosine,TAT,26180,16.32,0.57
Tyrosine,TAC,19675,12.27,0.43
Phenylalanine,TTT,35930,22.4,0.57
Phenylalanine,TTC,26609,16.59,0.43
Serine,AGT,13976,8.71,0.15
Serine,AGC,25716,16.03,0.28
Serine,TCG,14305,8.92,0.15
Serine,TCA,11438,7.13,0.12
Serine,TCT,13633,8.5,0.15
Serine,TCC,13783,8.59,0.15
Glutamine,CAG,46256,28.84,0.65
Glutamine,CAA,24787,15.45,0.35
Histadine,CAT,20686,12.9,0.57
Histadine,CAC,15595,9.72,0.43
Leucine,TTG,22000,13.72,0.13
Leucine,TTA,22279,13.89,0.13
Leucine,CTG,84714,52.82,0.5
Leucine,CTA,6182,3.85,0.04
Leucine,CTT,17707,11.04,0.1
Leucine,CTC,17715,11.04,0.1
Proline,CCG,37316,23.27,0.52
Proline,CCA,13664,8.52,0.19
Proline,CCT,11291,7.04,0.16
Proline,CCC,8861,5.52,0.12
None,---,0,0,0
